{
	"system" : {
		"platform" : "linux64",
		"os_name" : "Parrot Security",
		"os_version" : "6"
	},
	"error" : {
		"executable" : "quartus",
		"comment" : "not_applicable",
		"error_message" : "Segment Violation at 0x10",
		"source_file" : "unknown",
		"line" : "0",
		"stack_trace" : "\t0x7fb307a0c85a: tbbmalloc.so.2 + 0xc85a (_ZN3rml8internal5Block16freePublicObjectEPNS0_10FreeObjectE + 0x7a)\n\t0x7fb3020012c9: tbbmalloc_proxy.so.2 + 0x12c9 (__libc_free + 0x9)\n\t0x7fb30baefedf: db_acf + 0xefedf (_ZNK15ACF_INITIALIZER28destroy_globals_in_acf_tableEv + 0x11f)\n\t0x7fb30a05cff7: c.so.6 + 0x3dff7 (__cxa_finalize + 0xb7)\n\t0x7fb30bae74c3: db_acf + 0xe74c3\n",
		"subsystem" : "unknown"
	},
	"quartus" : {
		"quartus_bits" : "64",
		"version" : "20.1.0",
		"build" : "711",
		"edition" : "Lite Edition"
	}
}