{
	"partitions" : [
		{
			"name" : "Top",
			"pins" : [
				{
					"name" : "A",
					"strict" : false
				},
				{
					"name" : "B",
					"strict" : false
				},
				{
					"name" : "PRN_T1_T2",
					"strict" : false
				},
				{
					"name" : "CLRN_T1_T2",
					"strict" : false
				},
				{
					"name" : "Y",
					"strict" : false
				},
				{
					"name" : "Clock",
					"strict" : false
				},
				{
					"name" : "X",
					"strict" : false
				}
			]
		}
	]
}