{
	"partitions" : [
		{
			"name" : "Top",
			"pins" : [
				{
					"name" : "M[31]",
					"strict" : false
				},
				{
					"name" : "M[30]",
					"strict" : false
				},
				{
					"name" : "M[29]",
					"strict" : false
				},
				{
					"name" : "M[28]",
					"strict" : false
				},
				{
					"name" : "addr[0]",
					"strict" : false
				},
				{
					"name" : "addr[1]",
					"strict" : false
				},
				{
					"name" : "addr[2]",
					"strict" : false
				},
				{
					"name" : "addr[3]",
					"strict" : false
				}
			]
		}
	]
}